"aminoAcid"	"vGeneName"	"Count-2016"	"Count-2017"	"Difference"	"Subject"
"1"	"CAKKTSAAPSTDTQYF"	"TCRBV06"	2	2	0	"Sbj_05"
"2"	"CARGTGRAPENSPLHF"	"TCRBV03"	2	2	0	"Sbj_05"
"3"	"CASEGGRGTEAFF"	"TCRBV19-01"	23	1	22	"Sbj_05"
"4"	"CASERLAGGQGTQYF"	"TCRBV07-08"	2	1	1	"Sbj_05"
"5"	"CASGHPERNTEAFF"	"TCRBV27-01"	1	1	0	"Sbj_05"
"6"	"CASGSAYTRGFDTQYF"	"TCRBV12-05"	2	1	1	"Sbj_05"
"7"	"CASNGGGRAEQYF"	"TCRBV19-01"	7	1	6	"Sbj_05"
"8"	"CASRDRNLPEAFF"	"TCRBV02-01"	6	1	5	"Sbj_05"
"9"	"CASRGHDRGEQYF"	"TCRBV12"	2	2	0	"Sbj_05"
"10"	"CASRLGSSQETQYF"	"TCRBV02-01"	2	1	1	"Sbj_05"
"11"	"CASRPGLAGGSTDTQYF"	"TCRBV11-02"	2	2	0	"Sbj_05"
"12"	"CASRPTSGGTDTQYF"	"TCRBV06"	1	1	0	"Sbj_05"
"13"	"CASRSGSLNEKLFF"	"TCRBV19-01"	1	2	1	"Sbj_05"
"14"	"CASRTRNSLYNEQFF"	"TCRBV06"	2	1	1	"Sbj_05"
"15"	"CASRVIHRGMGNQPQHF"	"TCRBV06"	3	2	1	"Sbj_05"
"16"	"CASSAGQLYGYTF"	"TCRBV06-01"	1	2	1	"Sbj_05"
"17"	"CASSAWGKETQYF"	"TCRBV09-01"	1	1	0	"Sbj_05"
"18"	"CASSDRRQGNEKLFF"	"TCRBV25-01"	2	1	1	"Sbj_05"
"19"	"CASSEARELYGYTF"	"TCRBV02-01"	1	2	1	"Sbj_05"
"20"	"CASSEARGGRGYTF"	"TCRBV06-01"	2	1	1	"Sbj_05"
"21"	"CASSEASAGGTYEQYF"	"TCRBV02-01"	8	1	7	"Sbj_05"
"22"	"CASSEEGVWNSPLHF"	"TCRBV11-01"	5	1	4	"Sbj_05"
"23"	"CASSEFESNQPQHF"	"TCRBV10-02"	2	2	0	"Sbj_05"
"24"	"CASSEQRGGRGYTF"	"TCRBV06-01"	18	3	15	"Sbj_05"
"25"	"CASSESEVRQPQHF"	"TCRBV10-02"	10	1	9	"Sbj_05"
"26"	"CASSFALGGTYEQYF"	"TCRBV07-08"	3	1	2	"Sbj_05"
"27"	"CASSFEGITEAFF"	"TCRBV07-09"	1	2	1	"Sbj_05"
"28"	"CASSFGENGGYTF"	"TCRBV07-09"	7	6	1	"Sbj_05"
"29"	"CASSFNGEQYF"	"TCRBV07-09"	5	2	3	"Sbj_05"
"30"	"CASSFQGPTEAFF"	"TCRBV12"	1	2	1	"Sbj_05"
"31"	"CASSFQVNYADGYTF"	"TCRBV05-01"	1	1	0	"Sbj_05"
"32"	"CASSFVSGRAREQYF"	"TCRBV05-06"	13	1	12	"Sbj_05"
"33"	"CASSGDGVQPQHF"	"TCRBV09-01"	17	1	16	"Sbj_05"
"34"	"CASSIDRRGRNYGYTF"	"TCRBV19-01"	8	1	7	"Sbj_05"
"35"	"CASSIGRDPTEAFF"	"TCRBV19-01"	1	1	0	"Sbj_05"
"36"	"CASSISAGEAFF"	"TCRBV19-01"	4	2	2	"Sbj_05"
"37"	"CASSKAGTVLTNTEAFF"	"TCRBV21-01"	2	2	0	"Sbj_05"
"38"	"CASSKALALPNTEAFF"	"TCRBV21-01"	1	1	0	"Sbj_05"
"39"	"CASSKDGGANEKLFF"	"TCRBV05-01"	1	1	0	"Sbj_05"
"40"	"CASSLAGGTIYF"	"TCRBV07-02"	34	1	33	"Sbj_05"
"41"	"CASSLAGIQETQYF"	"TCRBV19-01"	5	1	4	"Sbj_05"
"42"	"CASSLAPERAIYF"	"TCRBV05-01"	2	1	1	"Sbj_05"
"43"	"CASSLATNTEAFF"	"TCRBV05-01"	1	1	0	"Sbj_05"
"44"	"CASSLDDRYSNQPQHF"	"TCRBV07-02"	19	6	13	"Sbj_05"
"45"	"CASSLDRDTQYF"	"TCRBV05-04"	7	1	6	"Sbj_05"
"46"	"CASSLDRGVNGYTF"	"TCRBV13-01"	2	1	1	"Sbj_05"
"47"	"CASSLEAAYEQYF"	"TCRBV06-01"	1	1	0	"Sbj_05"
"48"	"CASSLELAANTGELFF"	"TCRBV07-02"	1	1	0	"Sbj_05"
"49"	"CASSLGEGMDGYTF"	"TCRBV07-08"	4	1	3	"Sbj_05"
"50"	"CASSLGGLRADQPQHF"	"TCRBV05-06"	1	1	0	"Sbj_05"
"51"	"CASSLGLSSYEQYF"	"TCRBV07-02"	12	1	11	"Sbj_05"
"52"	"CASSLGQGNQPQHF"	"TCRBV05-01"	5	1	4	"Sbj_05"
"53"	"CASSLGSGLTSGNTIYF"	"TCRBV07-07"	6	1	5	"Sbj_05"
"54"	"CASSLGSSSNYGYTF"	"TCRBV05-01"	14	1	13	"Sbj_05"
"55"	"CASSLGYSGNEQYF"	"TCRBV07-02"	1	1	0	"Sbj_05"
"56"	"CASSLIPGTYEQYF"	"TCRBV07-02"	2	1	1	"Sbj_05"
"57"	"CASSLKGQGADSPLHF"	"TCRBV27-01"	13	1	12	"Sbj_05"
"58"	"CASSLKGQPSYEQYF"	"TCRBV27-01"	2	1	1	"Sbj_05"
"59"	"CASSLLATGDEKLFF"	"TCRBV07-09"	8	1	7	"Sbj_05"
"60"	"CASSLLGQESGYTF"	"TCRBV12"	46	1	45	"Sbj_05"
"61"	"CASSLNGRQETQYF"	"TCRBV07-02"	4	1	3	"Sbj_05"
"62"	"CASSLPSGSGTDTQYF"	"TCRBV27-01"	1	1	0	"Sbj_05"
"63"	"CASSLRGTQYF"	"TCRBV07-09"	1	1	0	"Sbj_05"
"64"	"CASSLTRGGYNEQFF"	"TCRBV27-01"	3	1	2	"Sbj_05"
"65"	"CASSLTVGGRANEKLFF"	"TCRBV28-01"	1	2	1	"Sbj_05"
"66"	"CASSLVAAYNSPLHF"	"TCRBV07-09"	4	1	3	"Sbj_05"
"67"	"CASSLVGAGGEKLFF"	"TCRBV05-01"	1	1	0	"Sbj_05"
"68"	"CASSLVTGYNEQFF"	"TCRBV11-02"	1	1	0	"Sbj_05"
"69"	"CASSPDKNYGYTF"	"TCRBV18-01"	1	1	0	"Sbj_05"
"70"	"CASSPFPRQSKETQYF"	"TCRBV18-01"	1	1	0	"Sbj_05"
"71"	"CASSPGTGNTEAFF"	"TCRBV05-01"	1	1	0	"Sbj_05"
"72"	"CASSPHQTGEAETQYF"	"TCRBV04-03"	1	2	1	"Sbj_05"
"73"	"CASSPLMAEAFF"	"TCRBV12"	9	1	8	"Sbj_05"
"74"	"CASSPPAGLGYTF"	"TCRBV05-01"	3	2	1	"Sbj_05"
"75"	"CASSPPGASDPSQGTQYF"	"TCRBV18-01"	6	1	5	"Sbj_05"
"76"	"CASSPPGQQYNEQFF"	"TCRBV07-09"	1	1	0	"Sbj_05"
"77"	"CASSPPRQGLNTGELFF"	"TCRBV07-09"	9	1	8	"Sbj_05"
"78"	"CASSPQRVGSYEQYF"	"TCRBV05-04"	1	1	0	"Sbj_05"
"79"	"CASSPQTGATNEKLFF"	"TCRBV07-02"	1	1	0	"Sbj_05"
"80"	"CASSPRRGGGANEQFF"	"TCRBV06"	2	1	1	"Sbj_05"
"81"	"CASSPRRGGGGDTQYF"	"TCRBV07-02"	1	1	0	"Sbj_05"
"82"	"CASSPTEGGNQPQHF"	"TCRBV03"	3	1	2	"Sbj_05"
"83"	"CASSPTGVSDYGYTF"	"TCRBV19-01"	2	1	1	"Sbj_05"
"84"	"CASSPVQGRADTQYF"	"TCRBV11-02"	2	1	1	"Sbj_05"
"85"	"CASSPVVRVGGARARGEQYF"	"TCRBV19-01"	2	1	1	"Sbj_05"
"86"	"CASSPYTPDGRSQWGYTF"	"TCRBV18-01"	1	1	0	"Sbj_05"
"87"	"CASSQDGGSLTGELFF"	"TCRBV04-03"	4	1	3	"Sbj_05"
"88"	"CASSQDKGQPQHF"	"TCRBV04-03"	21	3	18	"Sbj_05"
"89"	"CASSQDRASLNVFF"	"TCRBV04-02"	3	1	2	"Sbj_05"
"90"	"CASSQDTGRETQYF"	"TCRBV03"	1	1	0	"Sbj_05"
"91"	"CASSQEREFNEKLFF"	"TCRBV14-01"	6	1	5	"Sbj_05"
"92"	"CASSQERRANEKLFF"	"TCRBV14-01"	17	1	16	"Sbj_05"
"93"	"CASSQGTTGELFF"	"TCRBV14-01"	2	1	1	"Sbj_05"
"94"	"CASSQQERISNQPQHF"	"TCRBV04-01"	6	1	5	"Sbj_05"
"95"	"CASSQQGRAETQYF"	"TCRBV19-01"	13	1	12	"Sbj_05"
"96"	"CASSQRTGREQFF"	"TCRBV04-03"	1	1	0	"Sbj_05"
"97"	"CASSQSLTALGYTF"	"TCRBV03"	6	1	5	"Sbj_05"
"98"	"CASSQVASGVPVETQYF"	"TCRBV04-02"	4	1	3	"Sbj_05"
"99"	"CASSQVDGGWAFF"	"TCRBV14-01"	9	1	8	"Sbj_05"
"100"	"CASSRAGSLYGYTF"	"TCRBV06"	7	1	6	"Sbj_05"
"101"	"CASSRAPPGDETQYF"	"TCRBV27-01"	21	1	20	"Sbj_05"
"102"	"CASSRDRVDEQYF"	"TCRBV10-01"	25	1	24	"Sbj_05"
"103"	"CASSRFGGDIGELFF"	"TCRBV14-01"	1	1	0	"Sbj_05"
"104"	"CASSRQGDYGYTF"	"TCRBV12"	2	1	1	"Sbj_05"
"105"	"CASSRRGGSSYNEQFF"	"TCRBV03"	1	1	0	"Sbj_05"
"106"	"CASSSGTDHNQPQHF"	"TCRBV06"	2	1	1	"Sbj_05"
"107"	"CASSSPEGEQYF"	"TCRBV07-06"	1	1	0	"Sbj_05"
"108"	"CASSSQGPNEQYF"	"TCRBV06"	1	2	1	"Sbj_05"
"109"	"CASSSRNQPQHF"	"TCRBV06-05"	3	1	2	"Sbj_05"
"110"	"CASSSRSLDTGELFF"	"TCRBV05-06"	14	1	13	"Sbj_05"
"111"	"CASSSSGFTDTQYF"	"TCRBV11-03"	1	1	0	"Sbj_05"
"112"	"CASSSVGGMNTEAFF"	"TCRBV07-02"	2	1	1	"Sbj_05"
"113"	"CASSSVTGGSQPQHF"	"TCRBV07-09"	1	3	2	"Sbj_05"
"114"	"CASSTDAGRTGELFF"	"TCRBV18-01"	1	1	0	"Sbj_05"
"115"	"CASSTFSDTIYF"	"TCRBV28-01"	6	1	5	"Sbj_05"
"116"	"CASSTPPEKLFF"	"TCRBV06-05"	7	1	6	"Sbj_05"
"117"	"CASSTWDRGQTEAFF"	"TCRBV06"	1	2	1	"Sbj_05"
"118"	"CASSVGGQGAYEQYF"	"TCRBV06-05"	6	1	5	"Sbj_05"
"119"	"CASSVGPGQGLETQYF"	"TCRBV09-01"	2	1	1	"Sbj_05"
"120"	"CASSVQGGVAEAFF"	"TCRBV19-01"	1	1	0	"Sbj_05"
"121"	"CASSVVGGRATDTQYF"	"TCRBV09-01"	3	1	2	"Sbj_05"
"122"	"CASSVYGGQGGKLFF"	"TCRBV02-01"	3	1	2	"Sbj_05"
"123"	"CASSWGAEAFF"	"TCRBV25-01"	3	1	2	"Sbj_05"
"124"	"CASSWGGIANTGELFF"	"TCRBV05-04"	25	1	24	"Sbj_05"
"125"	"CASSWGQGGGMGETQYF"	"TCRBV05-06"	1	1	0	"Sbj_05"
"126"	"CASSWRTGNEQYF"	"TCRBV06"	1	1	0	"Sbj_05"
"127"	"CASSYQGGAFF"	"TCRBV28-01"	2	1	1	"Sbj_05"
"128"	"CASSYSGLDTQYF"	"TCRBV06"	3	1	2	"Sbj_05"
"129"	"CASSYSGVDTQYF"	"TCRBV06"	5	1	4	"Sbj_05"
"130"	"CASTADSNTEAFF"	"TCRBV18-01"	4	1	3	"Sbj_05"
"131"	"CASTATRTAQETQYF"	"TCRBV12"	2	2	0	"Sbj_05"
"132"	"CASTDRIPAYEQYF"	"TCRBV06-06"	2	2	0	"Sbj_05"
"133"	"CASTGRTSGSTPEQYF"	"TCRBV02-01"	1	1	0	"Sbj_05"
"134"	"CASTKTAGTLNQPQHF"	"TCRBV06"	5	1	4	"Sbj_05"
"135"	"CASTMTGMNTEAFF"	"TCRBV12"	1	1	0	"Sbj_05"
"136"	"CASWGGTSSYEQYF"	"TCRBV28-01"	5	1	4	"Sbj_05"
"137"	"CASYPRTGAFVGANVLTF"	"TCRBV27-01"	2	1	1	"Sbj_05"
"138"	"CATKARLAGNSQTTTDTQYF"	"TCRBV24"	3	1	2	"Sbj_05"
"139"	"CATLGTVTYEQYF"	"TCRBV06-05"	7	1	6	"Sbj_05"
"140"	"CATRRDTATEAFF"	"TCRBV24"	12	1	11	"Sbj_05"
"141"	"CATSDLDSGYGYTF"	"TCRBV24"	5	1	4	"Sbj_05"
"142"	"CATSDPEKTGLETQYF"	"TCRBV24"	1	1	0	"Sbj_05"
"143"	"CATSDPKTGAGNTIYF"	"TCRBV24"	8	1	7	"Sbj_05"
"144"	"CATSDTGTGRRDEQFF"	"TCRBV24"	3	3	0	"Sbj_05"
"145"	"CATSDYETNYGYTF"	"TCRBV24"	6	1	5	"Sbj_05"
"146"	"CATSQGSEQFF"	"TCRBV24"	3	1	2	"Sbj_05"
"147"	"CATSRDGGQIYGYTF"	"TCRBV15-01"	2	1	1	"Sbj_05"
"148"	"CAWSDSDLGQYF"	"TCRBV30-01"	3	1	2	"Sbj_05"
"149"	"CAWSETGTQYF"	"TCRBV30-01"	2	1	1	"Sbj_05"
"150"	"CAWSGNRGPQPQHF"	"TCRBV30-01"	8	2	6	"Sbj_05"
"151"	"CAWSGPGGGEKLFF"	"TCRBV30-01"	1	1	0	"Sbj_05"
"152"	"CAWSGSTDTQYF"	"TCRBV30-01"	1	1	0	"Sbj_05"
"153"	"CSAFDAGKEDNSPLHF"	"TCRBV20"	4	1	3	"Sbj_05"
"154"	"CSAIMAGEVSHEQYF"	"TCRBV20"	4	1	3	"Sbj_05"
"155"	"CSALGQAGKLFF"	"TCRBV20"	6	1	5	"Sbj_05"
"156"	"CSARARQGASINEQFF"	"TCRBV20"	3	1	2	"Sbj_05"
"157"	"CSARARQLVGYTF"	"TCRBV20"	7	1	6	"Sbj_05"
"158"	"CSARDPVRGRYGYTF"	"TCRBV20"	1	2	1	"Sbj_05"
"159"	"CSAREGANVLTF"	"TCRBV20"	1	1	0	"Sbj_05"
"160"	"CSARERTGPLF"	"TCRBV20-01"	2	1	1	"Sbj_05"
"161"	"CSARETMGGYTF"	"TCRBV20"	1	7	6	"Sbj_05"
"162"	"CSARGPIADTQYF"	"TCRBV20"	4	1	3	"Sbj_05"
"163"	"CSARKQGTYNSPLHF"	"TCRBV20"	2	2	0	"Sbj_05"
"164"	"CSARTQGSNQPQHF"	"TCRBV20"	1	1	0	"Sbj_05"
"165"	"CSASGGLGSYEQYF"	"TCRBV20"	1	1	0	"Sbj_05"
"166"	"CSATGASSYEQYF"	"TCRBV20"	2	1	1	"Sbj_05"
"167"	"CSATGGDYGYTF"	"TCRBV20"	1	1	0	"Sbj_05"
"168"	"CSATKSGTGLTNEKLFF"	"TCRBV20"	1	1	0	"Sbj_05"
"169"	"CSATRQGNRFYGYTF"	"TCRBV20"	12	1	11	"Sbj_05"
"170"	"CSGGPGIYGYTF"	"TCRBV29-01"	9	1	8	"Sbj_05"
"171"	"CSVEDWRDNEQFF"	"TCRBV29-01"	3	1	2	"Sbj_05"
"172"	"CSVEVKDTQYF"	"TCRBV29-01"	1	1	0	"Sbj_05"
"173"	"CSVGPRRGGELFF"	"TCRBV29-01"	5	1	4	"Sbj_05"
"174"	"CSVPTSGGTYEQYF"	"TCRBV20"	1	1	0	"Sbj_05"
"175"	"CSVRTGGMTEAFF"	"TCRBV29-01"	1	1	0	"Sbj_05"
"176"	"CSVSIVGTSGRYEQFF"	"TCRBV29-01"	1	1	0	"Sbj_05"
"177"	"CSVTPIRDGYTF"	"TCRBV29-01"	2	1	1	"Sbj_05"
"178"	"CVCGTFTDTQYF"	"TCRBV28-01"	4	1	3	"Sbj_05"
"179"	"CAIRRREGYEQYF"	"TCRBV06-05"	5	1	4	"Sbj_06"
"180"	"CAISERGGNQPQHF"	"TCRBV10-03"	45	1	44	"Sbj_06"
"181"	"CAISVQGSGFLPYGYTF"	"TCRBV10-03"	1	1	0	"Sbj_06"
"182"	"CASAALTGDTQYF"	"TCRBV28-01"	3	1	2	"Sbj_06"
"183"	"CASEPIGTSSNQPQHF"	"TCRBV28-01"	1	1	0	"Sbj_06"
"184"	"CASGADLNYGYTF"	"TCRBV28-01"	1	1	0	"Sbj_06"
"185"	"CASGGGGGETQYF"	"TCRBV09-01"	2	1	1	"Sbj_06"
"186"	"CASHWDTGELFF"	"TCRBV05-01"	2	2	0	"Sbj_06"
"187"	"CASNDGQSYNSPLHF"	"TCRBV19-01"	5	1	4	"Sbj_06"
"188"	"CASRGKDRAGGNEQFF"	"TCRBV19-01"	2	1	1	"Sbj_06"
"189"	"CASRTGGDTGELFF"	"TCRBV02-01"	3	1	2	"Sbj_06"
"190"	"CASSAGGINYGYTF"	"TCRBV05-08"	2	1	1	"Sbj_06"
"191"	"CASSAGGSIGELFF"	"TCRBV06-01"	2	2	0	"Sbj_06"
"192"	"CASSAMTGQPQHF"	"TCRBV07-02"	5	1	4	"Sbj_06"
"193"	"CASSARTENEKLFF"	"TCRBV06"	7	1	6	"Sbj_06"
"194"	"CASSATGAINQPQHF"	"TCRBV05-01"	13	2	11	"Sbj_06"
"195"	"CASSDIQGYEQYF"	"TCRBV05-01"	106	2	104	"Sbj_06"
"196"	"CASSDQGSVETQYF"	"TCRBV07-08"	8	1	7	"Sbj_06"
"197"	"CASSEKSNGNSPLHF"	"TCRBV02-01"	5	1	4	"Sbj_06"
"198"	"CASSEVDRPGGYGYTF"	"TCRBV06-01"	6	1	5	"Sbj_06"
"199"	"CASSEVGGEQYF"	"TCRBV06-01"	8	1	7	"Sbj_06"
"200"	"CASSFADNEQYF"	"TCRBV28-01"	6	1	5	"Sbj_06"
"201"	"CASSFAGETNEKLFF"	"TCRBV28-01"	3	1	2	"Sbj_06"
"202"	"CASSILYTDTQYF"	"TCRBV05-06"	1	1	0	"Sbj_06"
"203"	"CASSITGDSYEQYF"	"TCRBV21-01"	12	1	11	"Sbj_06"
"204"	"CASSLAAGTYEQYF"	"TCRBV11-01"	5	2	3	"Sbj_06"
"205"	"CASSLDGQGQETQYF"	"TCRBV05-06"	2	1	1	"Sbj_06"
"206"	"CASSLFGVGTNEKLFF"	"TCRBV28-01"	2	1	1	"Sbj_06"
"207"	"CASSLFTQGRTTEAFF"	"TCRBV06"	1	1	0	"Sbj_06"
"208"	"CASSLGQSYEQYF"	"TCRBV12"	3	1	2	"Sbj_06"
"209"	"CASSLQQGYEQYF"	"TCRBV12"	94	1	93	"Sbj_06"
"210"	"CASSLQSGQTAWYNEQFF"	"TCRBV11-02"	1	1	0	"Sbj_06"
"211"	"CASSLRGGANTGELFF"	"TCRBV28-01"	1	1	0	"Sbj_06"
"212"	"CASSLSPPNTEAFF"	"TCRBV28-01"	1	1	0	"Sbj_06"
"213"	"CASSLVDRGQGYTF"	"TCRBV07-02"	3	1	2	"Sbj_06"
"214"	"CASSLVGETQYF"	"TCRBV05-01"	5	2	3	"Sbj_06"
"215"	"CASSLYAGRGGEAFF"	"TCRBV07-06"	14	1	13	"Sbj_06"
"216"	"CASSNPGLPPYEQYF"	"TCRBV06-05"	9	2	7	"Sbj_06"
"217"	"CASSPDLAGGQDTQYF"	"TCRBV03"	6	1	5	"Sbj_06"
"218"	"CASSPDSRNTIYF"	"TCRBV03"	1	1	0	"Sbj_06"
"219"	"CASSPGQGALDYGYTF"	"TCRBV05-01"	1	1	0	"Sbj_06"
"220"	"CASSPNGARAFF"	"TCRBV12"	2	1	1	"Sbj_06"
"221"	"CASSPPDLDYGYTF"	"TCRBV05-06"	3	1	2	"Sbj_06"
"222"	"CASSPPGTGTDTQYF"	"TCRBV28-01"	1	1	0	"Sbj_06"
"223"	"CASSPQGETNEKLFF"	"TCRBV28-01"	1	1	0	"Sbj_06"
"224"	"CASSPRQATGYTF"	"TCRBV27-01"	1	1	0	"Sbj_06"
"225"	"CASSPVLAGGPQDTQYF"	"TCRBV13-01"	1	2	1	"Sbj_06"
"226"	"CASSQAPATGRSNEKLFF"	"TCRBV04-03"	2	1	1	"Sbj_06"
"227"	"CASSQARGTGELFF"	"TCRBV04-02"	6	1	5	"Sbj_06"
"228"	"CASSQDGPWSYEQYF"	"TCRBV03"	7	3	4	"Sbj_06"
"229"	"CASSQDLKGGGSNEQFF"	"TCRBV14-01"	5	1	4	"Sbj_06"
"230"	"CASSQGRQAGGRVETQYF"	"TCRBV04-02"	6	1	5	"Sbj_06"
"231"	"CASSQPGLASREQFF"	"TCRBV14-01"	4	1	3	"Sbj_06"
"232"	"CASSQQGAESPLHF"	"TCRBV18-01"	9	1	8	"Sbj_06"
"233"	"CASSQWRYKSSYEQYF"	"TCRBV23-01"	12	1	11	"Sbj_06"
"234"	"CASSRKPGLAPDTQYF"	"TCRBV12"	1	1	0	"Sbj_06"
"235"	"CASSRPGGVTGELFF"	"TCRBV05-06"	1	1	0	"Sbj_06"
"236"	"CASSRRPGLDMQPQHF"	"TCRBV12"	2	1	1	"Sbj_06"
"237"	"CASSSIPGRGSDGYTF"	"TCRBV05-06"	1	1	0	"Sbj_06"
"238"	"CASSSRAPPYGYTF"	"TCRBV28-01"	3	1	2	"Sbj_06"
"239"	"CASSSSGQGSYGYTF"	"TCRBV27-01"	4	1	3	"Sbj_06"
"240"	"CASSTGADTGELFF"	"TCRBV19-01"	8	1	7	"Sbj_06"
"241"	"CASSVDTRNTEAFF"	"TCRBV09-01"	2	1	1	"Sbj_06"
"242"	"CASSVDYQYGYTF"	"TCRBV07-02"	2	1	1	"Sbj_06"
"243"	"CASSVQGSYSPLHF"	"TCRBV19-01"	5	1	4	"Sbj_06"
"244"	"CASSWDKSYEQYF"	"TCRBV28-01"	2	3	1	"Sbj_06"
"245"	"CASSYGELAGASSYEQYF"	"TCRBV06"	9	1	8	"Sbj_06"
"246"	"CASSYLGTVNYGYTF"	"TCRBV06-05"	1	1	0	"Sbj_06"
"247"	"CASSYLLGDTQYF"	"TCRBV06-05"	3	1	2	"Sbj_06"
"248"	"CASSYSNVAGASKNIQYF"	"TCRBV06"	2	2	0	"Sbj_06"
"249"	"CASTQRSYNEQFF"	"TCRBV11-02"	1	1	0	"Sbj_06"
"250"	"CATITGVTEAFF"	"TCRBV06"	2	1	1	"Sbj_06"
"251"	"CAWSPTGALQETQYF"	"TCRBV30-01"	12	1	11	"Sbj_06"
"252"	"CIPLGAIQYF"	"TCRBV29-01"	2	1	1	"Sbj_06"
"253"	"CSAASSGTSGASTDTQYF"	"TCRBV20"	1	1	0	"Sbj_06"
"254"	"CSAKTEGWEQYF"	"TCRBV20"	2	1	1	"Sbj_06"
"255"	"CSARDERGGTEAFF"	"TCRBV20"	7	1	6	"Sbj_06"
"256"	"CSARDLRTSNEKLFF"	"TCRBV20"	47	1	46	"Sbj_06"
"257"	"CSARDVYTQYF"	"TCRBV20-01"	2	1	1	"Sbj_06"
"258"	"CSARGGGRGFGNTIYF"	"TCRBV20"	4	1	3	"Sbj_06"
"259"	"CSKGGGISRYETQYF"	"TCRBV20"	1	1	0	"Sbj_06"
"260"	"CSVERAQGTEAFF"	"TCRBV29-01"	2	1	1	"Sbj_06"
"261"	"CAISDAGLAGTDTQYF"	"TCRBV10-03"	1	20	19	"Sbj_08"
"262"	"CSARDSRVDGYTF"	"TCRBV20"	1	1	0	"Sbj_08"
"263"	"CAISDAGLAGTDTQYF"	"TCRBV10-03"	1	4	3	"Sbj_10"
"264"	"CAISRGFGENTEAFF"	"TCRBV10-03"	1	1	0	"Sbj_10"
"265"	"CASGSGTGGRSDTQYF"	"TCRBV05-01"	1	1	0	"Sbj_10"
"266"	"CASIAPGAPEAFF"	"TCRBV06-05"	1	2	1	"Sbj_10"
"267"	"CASSDSKSPTDTQYF"	"TCRBV25-01"	1	1	0	"Sbj_10"
"268"	"CASSEGVGYGYTF"	"TCRBV10-02"	1	5	4	"Sbj_10"
"269"	"CASSEVRDSGDEQYF"	"TCRBV06-01"	2	2	0	"Sbj_10"
"270"	"CASSFPASYTQYF"	"TCRBV05-08"	1	1	0	"Sbj_10"
"271"	"CASSFSTDPNTEAFF"	"TCRBV07-08"	1	3	2	"Sbj_10"
"272"	"CASSLATGGMAPLHF"	"TCRBV07-02"	2	2	0	"Sbj_10"
"273"	"CASSLFGDRPYEQYF"	"TCRBV07-09"	1	3	2	"Sbj_10"
"274"	"CASSLNKGTEAFF"	"TCRBV16-01"	1	9	8	"Sbj_10"
"275"	"CASSLQGNQPQHF"	"TCRBV07-08"	3	2	1	"Sbj_10"
"276"	"CASSLRPGFGYTF"	"TCRBV05-04"	1	1	0	"Sbj_10"
"277"	"CASSLYSGGYYNEQFF"	"TCRBV12"	1	1	0	"Sbj_10"
"278"	"CASSPDPLGTDTQYF"	"TCRBV11-02"	1	2	1	"Sbj_10"
"279"	"CASSPGGGNSPLHF"	"TCRBV18-01"	1	1	0	"Sbj_10"
"280"	"CASSPGPGAGYTF"	"TCRBV18-01"	1	1	0	"Sbj_10"
"281"	"CASSPGQGYAYNEQFF"	"TCRBV04-03"	1	2	1	"Sbj_10"
"282"	"CASSPSAMGIQPQHF"	"TCRBV07-08"	1	2	1	"Sbj_10"
"283"	"CASSQALIPIRDRAIPLHF"	"TCRBV03"	3	1	2	"Sbj_10"
"284"	"CASSQEMTSGPQFF"	"TCRBV04-02"	1	1	0	"Sbj_10"
"285"	"CASSQQGYTEAFF"	"TCRBV14-01"	1	2	1	"Sbj_10"
"286"	"CASSRGPTRKGYTF"	"TCRBV05-06"	1	3	2	"Sbj_10"
"287"	"CASSSDSGSFNEQFF"	"TCRBV11-02"	2	2	0	"Sbj_10"
"288"	"CASSSTDKHTYEQFF"	"TCRBV27-01"	2	2	0	"Sbj_10"
"289"	"CASSWTAGGSNQPQHF"	"TCRBV07-02"	1	8	7	"Sbj_10"
"290"	"CSAKAGTGWTTEAFF"	"TCRBV20"	1	2	1	"Sbj_10"
"291"	"CSARDDSLTIAFF"	"TCRBV20"	1	1	0	"Sbj_10"
"292"	"CSASKDASGEQYF"	"TCRBV20"	1	1	0	"Sbj_10"
"293"	"CSVTSLQGKAEAFF"	"TCRBV29-01"	1	2	1	"Sbj_10"
"294"	"CAISESNQPQHF"	"TCRBV10-03"	2	1	1	"Sbj_11"
"295"	"CAISEWGAGELFF"	"TCRBV10-03"	2	1	1	"Sbj_11"
"296"	"CASGTGSATNEKLFF"	"TCRBV12"	1	2	1	"Sbj_11"
"297"	"CASRADRSSYNEQFF"	"TCRBV06"	1	2	1	"Sbj_11"
"298"	"CASRQGAQVVGGSPLHF"	"TCRBV19-01"	1	1	0	"Sbj_11"
"299"	"CASRRGSGTGGNTIYF"	"TCRBV12"	3	1	2	"Sbj_11"
"300"	"CASRVNTGPSTEAFF"	"TCRBV05-01"	1	2	1	"Sbj_11"
"301"	"CASSAGFSYEQYF"	"TCRBV02-01"	2	2	0	"Sbj_11"
"302"	"CASSATGGAEKLFF"	"TCRBV02-01"	1	1	0	"Sbj_11"
"303"	"CASSDRDRGEQYF"	"TCRBV18-01"	4	1	3	"Sbj_11"
"304"	"CASSEAGQRNYGYTF"	"TCRBV06-01"	1	1	0	"Sbj_11"
"305"	"CASSEANMNTEAFF"	"TCRBV06-01"	1	1	0	"Sbj_11"
"306"	"CASSEFHQGYTF"	"TCRBV06-01"	1	1	0	"Sbj_11"
"307"	"CASSFDGAGGPQHF"	"TCRBV12"	1	1	0	"Sbj_11"
"308"	"CASSFGGGGTEAFF"	"TCRBV12"	1	2	1	"Sbj_11"
"309"	"CASSIRQGTNYGYTF"	"TCRBV02-01"	2	1	1	"Sbj_11"
"310"	"CASSKRVLGEAEAFF"	"TCRBV02-01"	2	1	1	"Sbj_11"
"311"	"CASSLAELASEQYF"	"TCRBV12"	1	3	2	"Sbj_11"
"312"	"CASSLDGGGYEQYF"	"TCRBV05-01"	3	1	2	"Sbj_11"
"313"	"CASSLEASGKGEQYF"	"TCRBV05-01"	1	1	0	"Sbj_11"
"314"	"CASSLEGVRYGYTF"	"TCRBV05-01"	1	2	1	"Sbj_11"
"315"	"CASSLGIQGPTEAFF"	"TCRBV04-02"	1	2	1	"Sbj_11"
"316"	"CASSLQGAGNIQYF"	"TCRBV07-09"	1	2	1	"Sbj_11"
"317"	"CASSLQGPRSYEQYF"	"TCRBV07-09"	1	1	0	"Sbj_11"
"318"	"CASSPGASSVETQYF"	"TCRBV11-02"	1	1	0	"Sbj_11"
"319"	"CASSPGTANYEKLFF"	"TCRBV27-01"	2	1	1	"Sbj_11"
"320"	"CASSPNDPGRGTEAFF"	"TCRBV18-01"	1	1	0	"Sbj_11"
"321"	"CASSPTNRVAGPNEQFF"	"TCRBV04-02"	1	1	0	"Sbj_11"
"322"	"CASSRSPEETQYF"	"TCRBV19-01"	1	2	1	"Sbj_11"
"323"	"CASSSMLGGGSGNTIYF"	"TCRBV07-09"	1	1	0	"Sbj_11"
"324"	"CASSSSGSQGQYF"	"TCRBV10-01"	1	2	1	"Sbj_11"
"325"	"CASSTVGGGNTEAFF"	"TCRBV07-02"	1	1	0	"Sbj_11"
"326"	"CASSVSGDRASGNTIYF"	"TCRBV18-01"	1	2	1	"Sbj_11"
"327"	"CASSYAGTELYEQYF"	"TCRBV07-02"	1	1	0	"Sbj_11"
"328"	"CASTERGGNTEAFF"	"TCRBV02-01"	1	3	2	"Sbj_11"
"329"	"CSARDIGIDGYTF"	"TCRBV20"	1	1	0	"Sbj_11"
"330"	"CSARFGAGEQYF"	"TCRBV20"	2	1	1	"Sbj_11"
"331"	"CSARGGGPEAFF"	"TCRBV20"	1	1	0	"Sbj_11"
"332"	"CSGIDSVWSGELFF"	"TCRBV29-01"	2	30	28	"Sbj_11"
"333"	"CAARRQYGYTF"	"TCRBV06-05"	2	2	0	"Sbj_14"
"334"	"CAKTRTGLPYEQYF"	"TCRBV19-01"	2	1	1	"Sbj_14"
"335"	"CANRPFRDGDTEAFF"	"TCRBV28-01"	1	1	0	"Sbj_14"
"336"	"CARGARDEQYF"	"TCRBV02-01"	3	6	3	"Sbj_14"
"337"	"CASEWTEYYGYTF"	"TCRBV06-01"	2	7	5	"Sbj_14"
"338"	"CASGRGGPTGELFF"	"TCRBV19-01"	1	1	0	"Sbj_14"
"339"	"CASREGEGYGYTF"	"TCRBV02-01"	6	4	2	"Sbj_14"
"340"	"CASRTRGGEQYF"	"TCRBV03"	2	2	0	"Sbj_14"
"341"	"CASRTTVGLANYGYTF"	"TCRBV06"	2	5	3	"Sbj_14"
"342"	"CASSDGGRGETQYF"	"TCRBV02-01"	1	1	0	"Sbj_14"
"343"	"CASSDRTASPYNEQFF"	"TCRBV11-01"	1	3	2	"Sbj_14"
"344"	"CASSENRGLGGTEAFF"	"TCRBV06-01"	5	2	3	"Sbj_14"
"345"	"CASSETDGYTF"	"TCRBV06-04"	3	4	1	"Sbj_14"
"346"	"CASSFPTSGDLSSYNEQFF"	"TCRBV05-01"	2	3	1	"Sbj_14"
"347"	"CASSHSTSGGAGHIQYF"	"TCRBV12"	1	2	1	"Sbj_14"
"348"	"CASSIQAGGINQPQHF"	"TCRBV19-01"	2	4	2	"Sbj_14"
"349"	"CASSKGGELSGYTF"	"TCRBV19-01"	1	3	2	"Sbj_14"
"350"	"CASSLAGVAGTTDTQYF"	"TCRBV05-01"	1	3	2	"Sbj_14"
"351"	"CASSLAYQPQHF"	"TCRBV12"	5	2	3	"Sbj_14"
"352"	"CASSLGDRSTDTQYF"	"TCRBV12"	1	1	0	"Sbj_14"
"353"	"CASSLGTGNTIYF"	"TCRBV09-01"	4	7	3	"Sbj_14"
"354"	"CASSLQTPGGGTDTQYF"	"TCRBV05-01"	1	1	0	"Sbj_14"
"355"	"CASSLTGQGNSPLHF"	"TCRBV12"	1	1	0	"Sbj_14"
"356"	"CASSMPYYPYGYTF"	"TCRBV06"	1	1	0	"Sbj_14"
"357"	"CASSPFGRVNYGYTF"	"TCRBV06"	2	8	6	"Sbj_14"
"358"	"CASSPGLASDGYTF"	"TCRBV06-01"	1	1	0	"Sbj_14"
"359"	"CASSPNTGYWPQHF"	"TCRBV07-02"	1	1	0	"Sbj_14"
"360"	"CASSPTQTFRSYEQYF"	"TCRBV05-06"	2	1	1	"Sbj_14"
"361"	"CASSPTSGPTGELFF"	"TCRBV12"	1	1	0	"Sbj_14"
"362"	"CASSQDAGAGNTIYF"	"TCRBV04-02"	2	2	0	"Sbj_14"
"363"	"CASSQNTGPYEQYF"	"TCRBV04-03"	1	1	0	"Sbj_14"
"364"	"CASSSGDRHNTEAFF"	"TCRBV12"	4	3	1	"Sbj_14"
"365"	"CASSSNYGYTF"	"TCRBV06"	1	2	1	"Sbj_14"
"366"	"CASSSRRLEAFF"	"TCRBV07-09"	2	3	1	"Sbj_14"
"367"	"CASSTGTGYYEQYF"	"TCRBV07-02"	3	3	0	"Sbj_14"
"368"	"CASSVASGTGELFF"	"TCRBV06-01"	1	1	0	"Sbj_14"
"369"	"CASSVGQQGDTQYF"	"TCRBV09-01"	4	1	3	"Sbj_14"
"370"	"CASSYGRDGYTF"	"TCRBV06-06"	3	3	0	"Sbj_14"
"371"	"CASSYSGLGSGIVTYEQYF"	"TCRBV06"	1	1	0	"Sbj_14"
"372"	"CASSYSGVDTQYF"	"TCRBV06"	2	2	0	"Sbj_14"
"373"	"CASTPLGGAEGYTF"	"TCRBV06-05"	1	2	1	"Sbj_14"
"374"	"CATSTDREHYGYTF"	"TCRBV24"	5	2	3	"Sbj_14"
"375"	"CSAESPGQGNEQYF"	"TCRBV20"	1	1	0	"Sbj_14"
"376"	"CSAGTGGQNEKLFF"	"TCRBV20"	2	2	0	"Sbj_14"
"377"	"CSARDGGNPNTEAFF"	"TCRBV20"	3	4	1	"Sbj_14"
"378"	"CSVELGATEAFF"	"TCRBV29-01"	3	3	0	"Sbj_14"
