"aminoAcid"	"vGeneName"	"Difference"
"CSGIDSVWSGELFF (Sbj_11 )"	"TCRBV29-01 (Sbj_11 )"	28
"CAISDAGLAGTDTQYF (Sbj_08 )"	"TCRBV10-03 (Sbj_08 )"	19
"CASSLNKGTEAFF (Sbj_10 )"	"TCRBV16-01 (Sbj_10 )"	8
"CASSWTAGGSNQPQHF (Sbj_10 )"	"TCRBV07-02 (Sbj_10 )"	7
"CSARETMGGYTF (Sbj_05 )"	"TCRBV20 (Sbj_05 )"	6
"CASSPFGRVNYGYTF (Sbj_14 )"	"TCRBV06 (Sbj_14 )"	6
"CASEWTEYYGYTF (Sbj_14 )"	"TCRBV06-01 (Sbj_14 )"	5
"CASSEGVGYGYTF (Sbj_10 )"	"TCRBV10-02 (Sbj_10 )"	4
"CAISDAGLAGTDTQYF (Sbj_10 )"	"TCRBV10-03 (Sbj_10 )"	3
"CARGARDEQYF (Sbj_14 )"	"TCRBV02-01 (Sbj_14 )"	3
"CASRTTVGLANYGYTF (Sbj_14 )"	"TCRBV06 (Sbj_14 )"	3
"CASSLGTGNTIYF (Sbj_14 )"	"TCRBV09-01 (Sbj_14 )"	3
"CASSSVTGGSQPQHF (Sbj_05 )"	"TCRBV07-09 (Sbj_05 )"	2
"CASSFSTDPNTEAFF (Sbj_10 )"	"TCRBV07-08 (Sbj_10 )"	2
"CASSLFGDRPYEQYF (Sbj_10 )"	"TCRBV07-09 (Sbj_10 )"	2
"CASSRGPTRKGYTF (Sbj_10 )"	"TCRBV05-06 (Sbj_10 )"	2
"CASSLAELASEQYF (Sbj_11 )"	"TCRBV12 (Sbj_11 )"	2
"CASTERGGNTEAFF (Sbj_11 )"	"TCRBV02-01 (Sbj_11 )"	2
"CASSDRTASPYNEQFF (Sbj_14 )"	"TCRBV11-01 (Sbj_14 )"	2
"CASSIQAGGINQPQHF (Sbj_14 )"	"TCRBV19-01 (Sbj_14 )"	2
"CASSKGGELSGYTF (Sbj_14 )"	"TCRBV19-01 (Sbj_14 )"	2
"CASSLAGVAGTTDTQYF (Sbj_14 )"	"TCRBV05-01 (Sbj_14 )"	2
"CASRSGSLNEKLFF (Sbj_05 )"	"TCRBV19-01 (Sbj_05 )"	1
"CASSAGQLYGYTF (Sbj_05 )"	"TCRBV06-01 (Sbj_05 )"	1
"CASSEARELYGYTF (Sbj_05 )"	"TCRBV02-01 (Sbj_05 )"	1
"CASSFEGITEAFF (Sbj_05 )"	"TCRBV07-09 (Sbj_05 )"	1
"CASSFQGPTEAFF (Sbj_05 )"	"TCRBV12 (Sbj_05 )"	1
"CASSLTVGGRANEKLFF (Sbj_05 )"	"TCRBV28-01 (Sbj_05 )"	1
"CASSPHQTGEAETQYF (Sbj_05 )"	"TCRBV04-03 (Sbj_05 )"	1
"CASSSQGPNEQYF (Sbj_05 )"	"TCRBV06 (Sbj_05 )"	1
"CASSTWDRGQTEAFF (Sbj_05 )"	"TCRBV06 (Sbj_05 )"	1
"CSARDPVRGRYGYTF (Sbj_05 )"	"TCRBV20 (Sbj_05 )"	1
"CASSPVLAGGPQDTQYF (Sbj_06 )"	"TCRBV13-01 (Sbj_06 )"	1
"CASSWDKSYEQYF (Sbj_06 )"	"TCRBV28-01 (Sbj_06 )"	1
"CASIAPGAPEAFF (Sbj_10 )"	"TCRBV06-05 (Sbj_10 )"	1
"CASSPDPLGTDTQYF (Sbj_10 )"	"TCRBV11-02 (Sbj_10 )"	1
"CASSPGQGYAYNEQFF (Sbj_10 )"	"TCRBV04-03 (Sbj_10 )"	1
"CASSPSAMGIQPQHF (Sbj_10 )"	"TCRBV07-08 (Sbj_10 )"	1
"CASSQQGYTEAFF (Sbj_10 )"	"TCRBV14-01 (Sbj_10 )"	1
"CSAKAGTGWTTEAFF (Sbj_10 )"	"TCRBV20 (Sbj_10 )"	1
"CSVTSLQGKAEAFF (Sbj_10 )"	"TCRBV29-01 (Sbj_10 )"	1
"CASGTGSATNEKLFF (Sbj_11 )"	"TCRBV12 (Sbj_11 )"	1
"CASRADRSSYNEQFF (Sbj_11 )"	"TCRBV06 (Sbj_11 )"	1
"CASRVNTGPSTEAFF (Sbj_11 )"	"TCRBV05-01 (Sbj_11 )"	1
"CASSFGGGGTEAFF (Sbj_11 )"	"TCRBV12 (Sbj_11 )"	1
"CASSLEGVRYGYTF (Sbj_11 )"	"TCRBV05-01 (Sbj_11 )"	1
"CASSLGIQGPTEAFF (Sbj_11 )"	"TCRBV04-02 (Sbj_11 )"	1
"CASSLQGAGNIQYF (Sbj_11 )"	"TCRBV07-09 (Sbj_11 )"	1
"CASSRSPEETQYF (Sbj_11 )"	"TCRBV19-01 (Sbj_11 )"	1
"CASSSSGSQGQYF (Sbj_11 )"	"TCRBV10-01 (Sbj_11 )"	1
"CASSVSGDRASGNTIYF (Sbj_11 )"	"TCRBV18-01 (Sbj_11 )"	1
"CASSETDGYTF (Sbj_14 )"	"TCRBV06-04 (Sbj_14 )"	1
"CASSFPTSGDLSSYNEQFF (Sbj_14 )"	"TCRBV05-01 (Sbj_14 )"	1
"CASSHSTSGGAGHIQYF (Sbj_14 )"	"TCRBV12 (Sbj_14 )"	1
"CASSSNYGYTF (Sbj_14 )"	"TCRBV06 (Sbj_14 )"	1
"CASSSRRLEAFF (Sbj_14 )"	"TCRBV07-09 (Sbj_14 )"	1
"CASTPLGGAEGYTF (Sbj_14 )"	"TCRBV06-05 (Sbj_14 )"	1
"CSARDGGNPNTEAFF (Sbj_14 )"	"TCRBV20 (Sbj_14 )"	1
